order_id,customer_name,order_time,delivery_location,product_id,quantity,payment_method
ORD001,Johnson Inc,2025-04-07 17:03,New Tracy,PDT097,16,Wire Transfer
ORD002,Edwards-Wright,2025-04-08 17:03,Douglasmouth,PDT040,6,Wire Transfer
ORD003,"Frederick, Grimes and Wright",2025-04-03 17:03,Lake Juliabury,PDT012,1,PayPal
ORD004,"Wilson, Garrison and Beard",2025-04-18 17:03,Shannonside,PDT024,7,PayPal
ORD005,Keller PLC,2025-04-11 17:03,West Angel,PDT005,4,Credit Card
ORD006,Swanson Ltd,2025-04-21 17:03,Angelabury,PDT088,13,PayPal
ORD007,Lopez-Hooper,2025-04-21 17:03,Hoffmanburgh,PDT046,18,Credit Card
ORD008,Stevens-Meyer,2025-04-10 17:03,Port Thomas,PDT084,1,Wire Transfer
ORD009,Martin PLC,2025-04-09 17:03,West Abigailburgh,PDT093,12,Credit Card
ORD010,Hernandez-Espinoza,2025-04-17 17:03,Juliestad,PDT050,20,Wire Transfer
ORD011,"Smith, Adams and Mendoza",2025-04-23 17:03,Gregoryfort,PDT033,11,Credit Card
ORD012,Taylor-Ellis,2025-04-07 17:03,Pamelaberg,PDT027,7,Wire Transfer
ORD013,"Figueroa, Chavez and Young",2025-04-07 17:03,New Christopher,PDT010,13,Credit Card
ORD014,Hubbard and Sons,2025-04-14 17:03,Sawyerview,PDT023,6,Credit Card
ORD015,Miranda and Sons,2025-05-02 17:03,North Erinville,PDT006,14,Credit Card
ORD016,"Phillips, Campbell and Thomas",2025-04-12 17:03,South Benjaminstad,PDT071,8,Credit Card
ORD017,Booth Group,2025-05-02 17:03,Port Amberland,PDT046,12,PayPal
ORD018,Price and Sons,2025-04-13 17:03,Davismouth,PDT042,15,Wire Transfer
ORD019,Boyd-Rasmussen,2025-04-15 17:03,Buchananhaven,PDT007,6,Wire Transfer
ORD020,Thornton-Tate,2025-04-08 17:03,West Sean,PDT040,1,Credit Card
ORD021,Anderson-Mclaughlin,2025-04-04 17:03,Jamesshire,PDT030,10,Credit Card
ORD022,"Guerrero, Glass and Thompson",2025-04-12 17:03,Smithhaven,PDT021,8,UPI
ORD023,"Harper, Johnson and Webb",2025-04-07 17:03,Lake Kaitlynside,PDT042,9,UPI
ORD024,"Mayo, Leblanc and Lucas",2025-04-19 17:03,Curtisport,PDT024,20,Credit Card
ORD025,Thompson Group,2025-04-16 17:03,Anthonyhaven,PDT002,6,PayPal
ORD026,Young-Campbell,2025-04-10 17:03,Port Jeffrey,PDT039,11,Credit Card
ORD027,"Lawson, Bradley and Mueller",2025-04-11 17:03,Butlerton,PDT092,10,PayPal
ORD028,"Perkins, Clark and Munoz",2025-04-26 17:03,Nicoleshire,PDT013,11,UPI
ORD029,"Waters, West and Brady",2025-04-23 17:03,Riceberg,PDT062,4,PayPal
ORD030,"Young, Howard and Braun",2025-04-26 17:03,Walkerside,PDT032,4,Credit Card
ORD031,Taylor-Robertson,2025-04-25 17:03,New Franklin,PDT005,18,UPI
ORD032,Fischer-Stuart,2025-04-25 17:03,South Jessicaton,PDT071,12,UPI
ORD033,Reynolds-Christensen,2025-04-12 17:03,Port Kaylaside,PDT034,20,Wire Transfer
ORD034,Davis-Mckenzie,2025-04-08 17:03,West Debra,PDT031,1,UPI
ORD035,Sherman-Armstrong,2025-04-04 17:03,Victoriabury,PDT086,13,PayPal
ORD036,Hogan Inc,2025-04-15 17:03,Natashamouth,PDT093,7,PayPal
ORD037,Cooper LLC,2025-04-22 17:03,Michelleburgh,PDT018,14,UPI
ORD038,Williams Ltd,2025-05-01 17:03,Rodriguezberg,PDT035,11,Credit Card
ORD039,"Lewis, Day and Cook",2025-04-16 17:03,Port Angela,PDT100,12,UPI
ORD040,"Mckee, Flores and Hernandez",2025-04-18 17:03,South Katelynchester,PDT071,3,Wire Transfer
ORD041,Zimmerman Inc,2025-04-25 17:03,Lake Bobton,PDT053,18,Wire Transfer
ORD042,"Smith, Herrera and Cox",2025-04-22 17:03,Holmesview,PDT084,6,Credit Card
ORD043,Diaz-Orr,2025-04-17 17:03,South Amandamouth,PDT049,10,UPI
ORD044,"Turner, Newton and Holloway",2025-04-04 17:03,Craigmouth,PDT066,16,PayPal
ORD045,Strong Ltd,2025-04-11 17:03,Port Lisa,PDT011,15,Wire Transfer
ORD046,Johns-Kennedy,2025-04-29 17:03,Gordonmouth,PDT043,9,PayPal
ORD047,Russell-Riley,2025-04-12 17:03,Adkinsstad,PDT087,5,Wire Transfer
ORD048,"Green, Fox and Lewis",2025-04-17 17:03,Masseyfurt,PDT018,5,UPI
ORD049,"Harrington, Williams and Brown",2025-04-12 17:03,South Ryan,PDT083,4,PayPal
ORD050,Harmon-Morales,2025-04-08 17:03,Nancyfurt,PDT044,20,UPI
ORD051,"White, Scott and Dean",2025-04-26 17:03,Andersonbury,PDT021,10,PayPal
ORD052,Hudson-Morgan,2025-05-01 17:03,West Meganton,PDT036,5,Credit Card
ORD053,Barton-Higgins,2025-04-06 17:03,Wardstad,PDT054,13,Wire Transfer
ORD054,Holt Ltd,2025-04-19 17:03,Port Ashleyhaven,PDT038,9,UPI
ORD055,"George, Ferguson and Jones",2025-04-18 17:03,New Maria,PDT009,9,PayPal
ORD056,"Cabrera, Wright and Leon",2025-04-12 17:03,Brittneyview,PDT054,17,Wire Transfer
ORD057,Perez-Cook,2025-04-25 17:03,Herreraburgh,PDT093,19,Wire Transfer
ORD058,Nguyen-Briggs,2025-04-03 17:03,Melissahaven,PDT061,17,Credit Card
ORD059,Collier PLC,2025-04-22 17:03,West Christopher,PDT056,13,Wire Transfer
ORD060,Obrien-Young,2025-04-04 17:03,Cooperfort,PDT071,6,Wire Transfer
ORD061,Cooper-Woods,2025-04-07 17:03,East Stacie,PDT060,10,Wire Transfer
ORD062,"Gardner, Baker and Powell",2025-04-21 17:03,Lake Adrienne,PDT051,19,PayPal
ORD063,Banks-Russell,2025-04-11 17:03,West Paula,PDT035,11,UPI
ORD064,"Fisher, Reid and Olson",2025-04-26 17:03,Jenniferville,PDT057,11,Credit Card
ORD065,Holden LLC,2025-04-05 17:03,Walshfort,PDT035,5,Credit Card
ORD066,Davenport PLC,2025-04-30 17:03,Wilsonchester,PDT053,14,Credit Card
ORD067,Mata-Hansen,2025-04-30 17:03,West Markchester,PDT073,2,Wire Transfer
ORD068,White-Wilson,2025-04-25 17:03,North Jimmyside,PDT085,4,Credit Card
ORD069,Herman and Sons,2025-04-30 17:03,West Andrea,PDT071,14,Wire Transfer
ORD070,"Pruitt, Key and Johnson",2025-04-22 17:03,West Ronald,PDT091,19,PayPal
ORD071,Guerra and Sons,2025-05-02 17:03,South Jessica,PDT024,4,Credit Card
ORD072,"White, Vazquez and Bell",2025-04-18 17:03,East Vanessafurt,PDT006,10,UPI
ORD073,"Moore, Cook and Andrade",2025-04-07 17:03,Sherrytown,PDT060,11,PayPal
ORD074,"Reed, Gibson and Trujillo",2025-04-11 17:03,Lake Lauren,PDT006,15,Credit Card
ORD075,Baker LLC,2025-04-10 17:03,Brandtside,PDT004,2,Credit Card
ORD076,Gonzalez-Nguyen,2025-04-08 17:03,Johnsonstad,PDT003,13,PayPal
ORD077,Cantrell PLC,2025-04-28 17:03,New Jeffreytown,PDT053,17,PayPal
ORD078,"Savage, Clark and Harvey",2025-04-29 17:03,Johnport,PDT065,20,PayPal
ORD079,Jackson-Wood,2025-04-04 17:03,East Kennethmouth,PDT068,19,Credit Card
ORD080,Rodgers and Sons,2025-04-03 17:03,Bellstad,PDT099,17,PayPal
ORD081,Lynch LLC,2025-04-08 17:03,East Kimberly,PDT045,12,PayPal
ORD082,"Ochoa, Cordova and Barber",2025-04-10 17:03,Loganfurt,PDT078,18,Wire Transfer
ORD083,Bell-Fitzgerald,2025-04-12 17:03,Port Adrianfurt,PDT077,20,UPI
ORD084,Walton-Ortega,2025-04-18 17:03,Markbury,PDT086,20,UPI
ORD085,"Kline, Le and Bauer",2025-04-26 17:03,New Davidville,PDT045,8,Credit Card
ORD086,"Carroll, Estrada and Martin",2025-04-22 17:03,Sarafurt,PDT005,18,UPI
ORD087,Washington-King,2025-04-05 17:03,Dudleybury,PDT012,9,Wire Transfer
ORD088,Gomez LLC,2025-05-01 17:03,South Jenniferport,PDT070,17,Credit Card
ORD089,Huffman-Pennington,2025-04-10 17:03,Port Jennifer,PDT064,20,UPI
ORD090,"Gonzalez, Rhodes and Terry",2025-04-23 17:03,North Richard,PDT073,15,Credit Card
ORD091,Charles-Thomas,2025-04-30 17:03,Lake Cassidy,PDT055,1,UPI
ORD092,"Randall, Melendez and Leon",2025-05-02 17:03,East Kelsey,PDT085,5,PayPal
ORD093,Gibbs-Boyd,2025-04-04 17:03,Houseshire,PDT080,16,UPI
ORD094,"Adams, Olson and Brown",2025-05-02 17:03,Loristad,PDT042,5,PayPal
ORD095,Brown-Stephenson,2025-04-06 17:03,Smithberg,PDT014,5,Wire Transfer
ORD096,Marshall-Bright,2025-04-22 17:03,Reesehaven,PDT086,19,Credit Card
ORD097,"Lucas, Murphy and Buck",2025-04-25 17:03,Jordanstad,PDT085,20,UPI
ORD098,Hansen Group,2025-04-14 17:03,New Shelia,PDT022,18,UPI
ORD099,"Johnson, Bradford and Curtis",2025-04-16 17:03,Greenshire,PDT042,7,Wire Transfer
ORD100,"Fowler, Mathis and Holland",2025-04-26 17:03,Port Benjaminfurt,PDT080,13,PayPal
